step,train_loss,val_loss,wallclock
50,1.66966,1.44615,54.7
100,1.58372,1.4644,109.8
150,1.56391,1.47934,164.9
200,1.57338,1.44679,219.5
