step,train_loss,val_loss,wallclock
50,1.66165,1.42495,117.5
100,1.55564,1.41773,235.3
150,1.52199,1.46502,352.9
200,1.53286,1.46297,470.6
